{
    "best_model": "Logistic Regression",
    "features": [
        "CGPA",
        "AptitudeScore",
        "CommunicationSkills",
        "ProgrammingSkills",
        "InternshipExperience",
        "Certifications",
        "ProjectsCompleted"
    ],
    "metrics": {
        "Logistic Regression": {
            "accuracy": 0.8833333333333333,
            "precision": 0.8944954128440367,
            "recall": 0.9420289855072463,
            "f1_score": 0.9176470588235294,
            "confusion_matrix": {
                "tn": 70,
                "fp": 23,
                "fn": 12,
                "tp": 195
            }
        },
        "Decision Tree": {
            "accuracy": 0.87,
            "precision": 0.8888888888888888,
            "recall": 0.927536231884058,
            "f1_score": 0.9078014184397163,
            "confusion_matrix": {
                "tn": 69,
                "fp": 24,
                "fn": 15,
                "tp": 192
            }
        },
        "Random Forest": {
            "accuracy": 0.8633333333333333,
            "precision": 0.8807339449541285,
            "recall": 0.927536231884058,
            "f1_score": 0.9035294117647059,
            "confusion_matrix": {
                "tn": 67,
                "fp": 26,
                "fn": 15,
                "tp": 192
            }
        },
        "K-Nearest Neighbors": {
            "accuracy": 0.8466666666666667,
            "precision": 0.867579908675799,
            "recall": 0.9178743961352657,
            "f1_score": 0.892018779342723,
            "confusion_matrix": {
                "tn": 64,
                "fp": 29,
                "fn": 17,
                "tp": 190
            }
        }
    }
}